date,canal,rome,offres
2026-09-29,lba,M1718,31
2026-09-29,lba,M1716,11
2026-09-29,lba,M1705,28
2026-09-29,lba,M1703,7
2026-09-29,lba,M1620,21
2026-09-29,lba,M1706,5
2026-09-29,lba,M1430,2
2026-09-29,lba,M1711,1
2026-09-30,lba,M1718,31
2026-09-30,lba,M1716,11
2026-09-30,lba,M1705,27
2026-09-30,lba,M1703,7
2026-09-30,lba,M1620,20
2026-09-30,lba,M1706,5
2026-09-30,lba,M1430,3
2026-09-30,lba,M1711,1
2026-10-01,lba,M1718,32
2026-10-01,lba,M1716,10
2026-10-01,lba,M1705,27
2026-10-01,lba,M1703,7
2026-10-01,lba,M1620,17
2026-10-01,lba,M1706,2
2026-10-01,lba,M1430,3
2026-10-01,lba,M1711,1
2026-10-02,lba,M1718,32
2026-10-02,lba,M1716,12
2026-10-02,lba,M1705,26
2026-10-02,lba,M1703,6
2026-10-02,lba,M1620,19
2026-10-02,lba,M1706,2
2026-10-02,lba,M1430,3
2026-10-02,lba,M1711,1
2026-10-03,lba,M1718,30
2026-10-03,lba,M1716,12
2026-10-03,lba,M1705,26
2026-10-03,lba,M1703,5
2026-10-03,lba,M1620,20
2026-10-03,lba,M1706,2
2026-10-03,lba,M1430,3
2026-10-03,lba,M1711,1
2026-10-04,lba,M1718,30
2026-10-04,lba,M1716,12
2026-10-04,lba,M1705,26
2026-10-04,lba,M1703,5
2026-10-04,lba,M1620,19
2026-10-04,lba,M1706,2
2026-10-04,lba,M1430,3
2026-10-04,lba,M1711,1
2026-10-05,lba,M1718,28
2026-10-05,lba,M1716,12
2026-10-05,lba,M1705,26
2026-10-05,lba,M1703,5
2026-10-05,lba,M1620,19
2026-10-05,lba,M1706,2
2026-10-05,lba,M1430,2
2026-10-05,lba,M1711,1
2026-10-06,lba,M1718,24
2026-10-06,lba,M1716,11
2026-10-06,lba,M1705,23
2026-10-06,lba,M1703,4
2026-10-06,lba,M1620,16
2026-10-06,lba,M1706,2
2026-10-06,lba,M1430,1
2026-10-06,lba,M1711,1
