date,rome,total,recuperees,nouvelles,modifiees
2026-09-22,M1430,258,258,0,0
2026-09-22,M1620,150,150,0,0
2026-09-22,M1703,304,304,0,0
2026-09-22,M1705,226,226,0,0
2026-09-22,M1706,99,99,0,0
2026-09-22,M1711,48,48,0,0
2026-09-22,M1716,268,268,0,0
2026-09-22,M1718,113,113,0,0
2026-09-23,M1430,268,268,20,1
2026-09-23,M1620,153,153,7,0
2026-09-23,M1703,302,302,11,3
2026-09-23,M1705,224,224,8,4
2026-09-23,M1706,100,100,5,0
2026-09-23,M1711,51,51,7,1
2026-09-23,M1716,267,267,4,0
2026-09-23,M1718,120,120,9,3
2026-09-24,M1430,299,299,49,3
2026-09-24,M1620,148,148,4,1
2026-09-24,M1703,299,299,15,7
2026-09-24,M1705,238,238,20,4
2026-09-24,M1706,94,94,3,2
2026-09-24,M1711,48,48,1,0
2026-09-24,M1716,270,270,8,0
2026-09-24,M1718,122,122,7,2
2026-09-29,M1430,275,275,44,5
2026-09-29,M1620,145,145,26,14
2026-09-29,M1703,290,290,48,25
2026-09-29,M1705,214,214,46,17
2026-09-29,M1706,91,91,27,3
2026-09-29,M1711,48,48,11,2
2026-09-29,M1716,228,228,12,2
2026-09-29,M1718,110,110,14,5
2026-09-30,M1430,276,276,1,0
2026-09-30,M1620,143,143,2,0
2026-09-30,M1703,288,288,4,2
2026-09-30,M1705,214,214,2,1
2026-09-30,M1706,91,91,0,0
2026-09-30,M1711,49,49,2,0
2026-09-30,M1716,228,228,1,0
2026-09-30,M1718,106,106,0,0
2026-10-01,M1430,281,281,11,1
2026-10-01,M1620,142,142,5,3
2026-10-01,M1703,292,292,15,6
2026-10-01,M1705,214,214,13,7
2026-10-01,M1706,82,82,7,1
2026-10-01,M1711,52,52,7,0
2026-10-01,M1716,225,225,5,1
2026-10-01,M1718,106,106,5,0
2026-10-02,M1430,305,305,43,1
2026-10-02,M1620,140,140,7,0
2026-10-02,M1703,289,289,8,5
2026-10-02,M1705,219,219,10,11
2026-10-02,M1706,85,85,7,1
2026-10-02,M1711,53,53,3,1
2026-10-02,M1716,202,202,23,1
2026-10-02,M1718,104,104,7,1
