rome,id,date_actualisation
M1430,210ZWMZ,2026-09-25
M1430,212GCVB,2026-10-02
M1430,213KLHK,2026-10-01
M1430,213NPGN,2026-09-08
M1430,213NTCG,2026-10-05
M1430,213RHRQ,2026-09-29
M1430,213RMWY,2026-09-29
M1430,213SSTK,2026-09-11
M1430,213VNFD,2026-09-30
M1430,213XNHT,2026-10-01
M1430,213YFTS,2026-10-02
M1430,214CNHJ,2026-10-05
M1430,214DLJD,2026-10-05
M1430,214DSHV,2026-09-23
M1430,214FCFQ,2026-09-21
M1430,214FPZV,2026-10-01
M1430,214FVSC,2026-09-22
M1430,214GMGD,2026-09-28
M1430,214HZRV,2026-10-01
M1430,214JCFH,2026-09-24
M1430,214MCXR,2026-09-29
M1430,214NBBL,2026-09-29
M1430,214NSVQ,2026-10-02
M1430,214PFRF,2026-09-29
M1430,214QHQM,2026-10-02
M1430,214RSKB,2026-10-02
M1430,214TDTY,2026-10-05
M1430,214TGWX,2026-10-05
M1430,214TWRL,2026-10-05
M1430,214VMWH,2026-10-05
M1430,3874880,2026-07-21
M1430,3875093,2026-07-21
M1430,3877827,2026-07-15
M1430,3878095,2026-07-21
M1430,3878579,2026-07-21
M1430,3878728,2026-07-21
M1430,3882645,2026-07-21
M1430,3992780,2026-07-21
M1430,4602483,2026-07-27
M1430,4709222,2026-07-09
M1430,4709231,2026-07-09
M1430,4766795,2026-07-14
M1430,4780566,2026-07-10
M1430,4786637,2026-07-21
M1430,4871382,2026-07-21
M1430,5042465,2026-07-21
M1430,5042564,2026-07-16
M1430,5058554,2026-10-05
M1430,5081816,2026-10-05
M1430,5435534,2026-07-24
M1430,5552745,2026-07-29
M1430,5637019,2026-08-07
M1430,5831041,2026-08-08
M1430,5853172,2026-08-08
M1430,6108498,2026-08-19
M1430,6273501,2026-09-01
M1430,6273518,2026-09-01
M1430,6315041,2026-09-08
M1430,6323528,2026-09-23
M1430,6323560,2026-09-23
M1430,6323696,2026-09-23
M1430,6323719,2026-09-23
M1430,6382008,2026-08-28
M1430,6401185,2026-09-04
M1430,6516703,2026-09-23
M1430,6622858,2026-10-02
M1430,6635452,2026-09-04
M1430,6662391,2026-09-05
M1430,6686701,2026-09-10
M1430,6693201,2026-09-08
M1430,6732327,2026-09-08
M1430,6766153,2026-09-09
M1430,6766224,2026-09-09
M1430,6766225,2026-09-10
M1430,6772181,2026-09-09
M1430,6772367,2026-09-09
M1430,6797098,2026-09-10
M1430,6797327,2026-09-10
M1430,6797368,2026-09-10
M1430,6797380,2026-09-10
M1430,6797419,2026-09-10
M1430,6797444,2026-09-10
M1430,6797462,2026-09-10
M1430,6797468,2026-09-10
M1430,6797474,2026-09-10
M1430,6797491,2026-09-10
M1430,6797667,2026-09-10
M1430,6809670,2026-10-04
M1430,6845765,2026-09-14
M1430,6845894,2026-09-12
M1430,6846493,2026-09-12
M1430,6846497,2026-09-12
M1430,6895725,2026-09-15
M1430,6910581,2026-09-16
M1430,6928076,2026-09-16
M1430,6928124,2026-09-16
M1430,6963469,2026-09-17
M1430,6963482,2026-09-17
M1430,6963510,2026-09-17
M1430,6963618,2026-09-17
M1430,6963633,2026-09-17
M1430,6963711,2026-09-17
M1430,6963745,2026-09-17
M1430,6963752,2026-09-17
M1430,6963765,2026-09-17
M1430,6963770,2026-09-17
M1430,6963811,2026-09-17
M1430,6963820,2026-09-17
M1430,6963844,2026-09-17
M1430,6963943,2026-09-17
M1430,6963972,2026-09-17
M1430,6964020,2026-09-17
M1430,6964043,2026-09-17
M1430,6964056,2026-09-17
M1430,6967205,2026-10-01
M1430,6986463,2026-09-18
M1430,6986504,2026-09-18
M1430,6986506,2026-09-18
M1430,6986680,2026-09-18
M1430,7030404,2026-09-19
M1430,7030655,2026-10-05
M1430,7043806,2026-09-20
M1430,7043934,2026-09-20
M1430,7043938,2026-09-20
M1430,7043945,2026-09-20
M1430,7043947,2026-09-20
M1430,7053283,2026-09-21
M1430,7053289,2026-09-21
M1430,7053325,2026-09-21
M1430,7053680,2026-09-21
M1430,7093590,2026-09-22
M1430,7093592,2026-09-22
M1430,7093813,2026-09-22
M1430,7093823,2026-09-22
M1430,7112674,2026-10-03
M1430,7113099,2026-09-23
M1430,7115479,2026-09-23
M1430,7115729,2026-09-23
M1430,7132045,2026-09-23
M1430,7132052,2026-09-23
M1430,7132098,2026-09-23
M1430,7132111,2026-09-23
M1430,7132153,2026-09-23
M1430,7132211,2026-09-23
M1430,7136552,2026-09-23
M1430,7136615,2026-09-23
M1430,7136637,2026-09-23
M1430,7136853,2026-09-23
M1430,7136876,2026-09-23
M1430,7136935,2026-09-23
M1430,7137109,2026-09-23
M1430,7155919,2026-10-03
M1430,7162294,2026-09-24
M1430,7162323,2026-09-24
M1430,7162591,2026-09-24
M1430,7162605,2026-09-24
M1430,7162652,2026-09-24
M1430,7162678,2026-09-24
M1430,7162695,2026-09-24
M1430,7162706,2026-09-24
M1430,7162726,2026-09-24
M1430,7162730,2026-09-24
M1430,7162771,2026-09-24
M1430,7162796,2026-09-24
M1430,7162823,2026-09-24
M1430,7162825,2026-09-24
M1430,7162831,2026-09-24
M1430,7162838,2026-09-24
M1430,7162839,2026-09-24
M1430,7162841,2026-09-24
M1430,7162842,2026-09-24
M1430,7162855,2026-09-24
M1430,7162856,2026-09-24
M1430,7162861,2026-09-24
M1430,7162876,2026-09-24
M1430,7162883,2026-09-24
M1430,7162893,2026-09-24
M1430,7162897,2026-09-24
M1430,7162898,2026-09-24
M1430,7162901,2026-09-24
M1430,7162903,2026-09-24
M1430,7162910,2026-09-24
M1430,7162921,2026-09-24
M1430,7162930,2026-09-24
M1430,7162934,2026-09-24
M1430,7162936,2026-09-24
M1430,7162946,2026-09-24
M1430,7162987,2026-09-24
M1430,7163006,2026-09-24
M1430,7352390,2026-09-25
M1430,7352455,2026-09-25
M1430,7352848,2026-10-03
M1430,7354229,2026-10-06
M1430,7355380,2026-10-06
M1430,7380108,2026-09-25
M1430,7381018,2026-09-25
M1430,7384183,2026-09-25
M1430,7403734,2026-09-26
M1430,7404391,2026-09-26
M1430,7407089,2026-09-26
M1430,7420822,2026-09-26
M1430,7422292,2026-09-26
M1430,7422293,2026-09-26
M1430,7422301,2026-09-26
M1430,7422309,2026-09-26
M1430,7422317,2026-09-26
M1430,7422318,2026-09-26
M1430,7422319,2026-09-26
M1430,7422326,2026-09-26
M1430,7422335,2026-09-26
M1430,7422359,2026-09-26
M1430,7422370,2026-09-26
M1430,7422378,2026-09-26
M1430,7422396,2026-09-26
M1430,7422466,2026-09-26
M1430,7422554,2026-09-26
M1430,7422588,2026-09-26
M1430,7422596,2026-09-26
M1430,7422599,2026-09-26
M1430,7427549,2026-09-26
M1430,7479783,2026-09-29
M1430,7489878,2026-09-29
M1430,7490073,2026-09-29
M1430,7490296,2026-09-29
M1430,7490374,2026-09-29
M1430,7490414,2026-09-29
M1430,7490534,2026-09-29
M1430,7500025,2026-09-30
M1430,7514824,2026-09-30
M1430,7514887,2026-09-30
M1430,7514950,2026-09-30
M1430,7515005,2026-09-30
M1430,7515066,2026-09-30
M1430,7515075,2026-09-30
M1430,7517553,2026-09-30
M1430,7534862,2026-09-30
M1430,7535102,2026-10-01
M1430,7543680,2026-10-01
M1430,7553774,2026-10-01
M1430,7553777,2026-10-01
M1430,7553926,2026-10-01
M1430,7553950,2026-10-01
M1430,7553986,2026-10-01
M1430,7554001,2026-10-01
M1430,7554006,2026-10-01
M1430,7554007,2026-10-01
M1430,7554047,2026-10-01
M1430,7554058,2026-10-01
M1430,7554059,2026-10-01
M1430,7554068,2026-10-01
M1430,7554070,2026-10-01
M1430,7554103,2026-10-01
M1430,7554107,2026-10-01
M1430,7554127,2026-10-01
M1430,7554128,2026-10-01
M1430,7554134,2026-10-01
M1430,7554138,2026-10-01
M1430,7554141,2026-10-01
M1430,7554144,2026-10-01
M1430,7554147,2026-10-01
M1430,7554149,2026-10-01
M1430,7554150,2026-10-01
M1430,7554158,2026-10-01
M1430,7554164,2026-10-01
M1430,7554169,2026-10-01
M1430,7554179,2026-10-01
M1430,7554184,2026-10-01
M1430,7554191,2026-10-01
M1430,7554210,2026-10-01
M1430,7554221,2026-10-01
M1430,7554227,2026-10-01
M1430,7554237,2026-10-01
M1430,7554247,2026-10-01
M1430,7554355,2026-10-01
M1430,7554402,2026-10-01
M1430,7554414,2026-10-01
M1430,7556524,2026-10-01
M1430,7570288,2026-10-02
M1430,7572786,2026-10-02
M1430,7587057,2026-10-02
M1430,7587060,2026-10-02
M1430,7587063,2026-10-03
M1430,7587074,2026-10-02
M1430,7587077,2026-10-02
M1430,7587170,2026-10-02
M1430,7587278,2026-10-02
M1430,7587280,2026-10-02
M1430,7587294,2026-10-02
M1430,7587305,2026-10-02
M1430,7587309,2026-10-02
M1430,7587323,2026-10-02
M1430,7595525,2026-10-02
M1430,7601077,2026-10-03
M1430,7607088,2026-10-03
M1430,7624871,2026-10-03
M1430,7624873,2026-10-03
M1430,7625198,2026-10-03
M1430,7657154,2026-10-04
M1430,7665283,2026-10-05
M1430,7665284,2026-10-05
M1430,7665286,2026-10-05
M1430,7665289,2026-10-05
M1430,7665291,2026-10-05
M1430,7681998,2026-10-06
M1620,210YBKQ,2026-09-16
M1620,211RFPT,2026-09-22
M1620,212MVSK,2026-09-30
M1620,212QHXP,2026-10-01
M1620,213CNSJ,2026-10-05
M1620,213FHYB,2026-09-29
M1620,213MNWG,2026-09-07
M1620,213NHYV,2026-09-08
M1620,213PBJL,2026-09-09
M1620,213PDLB,2026-09-24
M1620,213RDKG,2026-09-11
M1620,213XHXB,2026-09-30
M1620,213ZZQN,2026-10-03
M1620,214BGKY,2026-09-18
M1620,214BRNX,2026-10-05
M1620,214HBKG,2026-09-23
M1620,214LFMP,2026-09-28
M1620,214LVZM,2026-09-28
M1620,214PCGT,2026-09-30
M1620,214PDZR,2026-09-30
M1620,214PKXW,2026-09-30
M1620,214RFTC,2026-10-05
M1620,214RLPQ,2026-10-05
M1620,214SWJT,2026-10-05
M1620,214VHBD,2026-10-05
M1620,214VLFR,2026-10-05
M1620,2205761,2026-07-27
M1620,2205763,2026-07-27
M1620,3883655,2026-07-14
M1620,4481382,2026-08-31
M1620,4499330,2026-07-21
M1620,4564674,2026-07-14
M1620,4633265,2026-08-05
M1620,4633282,2026-08-05
M1620,4633284,2026-08-05
M1620,4633289,2026-08-05
M1620,4633292,2026-08-05
M1620,4633301,2026-08-05
M1620,4633305,2026-08-05
M1620,4633312,2026-08-05
M1620,4633322,2026-08-05
M1620,4633335,2026-08-05
M1620,4633341,2026-08-05
M1620,5040451,2026-07-21
M1620,5043406,2026-08-22
M1620,5079318,2026-07-22
M1620,5170382,2026-07-20
M1620,5340930,2026-07-22
M1620,5383824,2026-08-18
M1620,5744262,2026-08-06
M1620,6021026,2026-08-15
M1620,6029790,2026-09-15
M1620,6029835,2026-09-15
M1620,6217221,2026-09-15
M1620,6341915,2026-08-27
M1620,6342611,2026-09-02
M1620,6445511,2026-08-31
M1620,6445546,2026-08-31
M1620,6445571,2026-08-31
M1620,6460518,2026-08-31
M1620,6468646,2026-10-06
M1620,6468647,2026-10-06
M1620,6468648,2026-10-06
M1620,6468649,2026-10-06
M1620,6468650,2026-10-06
M1620,6468651,2026-10-06
M1620,6468653,2026-10-06
M1620,6468654,2026-10-06
M1620,6468655,2026-10-06
M1620,6478497,2026-09-01
M1620,6508196,2026-09-02
M1620,6517538,2026-09-02
M1620,6531384,2026-09-02
M1620,6574103,2026-09-03
M1620,6581713,2026-09-05
M1620,6623793,2026-09-04
M1620,6625235,2026-09-04
M1620,6667474,2026-09-11
M1620,6672967,2026-09-05
M1620,6692166,2026-09-08
M1620,6692170,2026-09-08
M1620,6692716,2026-09-07
M1620,6692720,2026-09-07
M1620,6727699,2026-09-08
M1620,6797478,2026-09-10
M1620,6797592,2026-09-10
M1620,6799855,2026-09-10
M1620,6826246,2026-09-11
M1620,6846483,2026-09-12
M1620,6863124,2026-09-14
M1620,6881451,2026-10-06
M1620,6881453,2026-10-06
M1620,6927894,2026-09-16
M1620,6964023,2026-09-17
M1620,6966293,2026-09-17
M1620,6986657,2026-09-18
M1620,6987509,2026-09-18
M1620,6993162,2026-09-18
M1620,6994995,2026-09-18
M1620,7002016,2026-09-18
M1620,7032158,2026-09-19
M1620,7068674,2026-09-25
M1620,7100607,2026-09-22
M1620,7132314,2026-09-23
M1620,7134653,2026-09-23
M1620,7135146,2026-09-23
M1620,7155936,2026-09-24
M1620,7163104,2026-09-24
M1620,7165210,2026-09-24
M1620,7169585,2026-09-24
M1620,7380999,2026-09-25
M1620,7381007,2026-09-25
M1620,7386824,2026-09-25
M1620,7386837,2026-09-25
M1620,7396371,2026-09-25
M1620,7398184,2026-10-05
M1620,7398328,2026-10-05
M1620,7405744,2026-09-26
M1620,7467670,2026-09-29
M1620,7478549,2026-10-06
M1620,7495680,2026-09-29
M1620,7496267,2026-09-30
M1620,7554303,2026-10-01
M1620,7554336,2026-10-01
M1620,7556441,2026-10-01
M1620,7556452,2026-10-01
M1620,7566087,2026-10-01
M1620,7588573,2026-10-02
M1620,7598231,2026-10-02
M1620,7624408,2026-10-03
M1620,7624413,2026-10-03
M1620,7624463,2026-10-03
M1620,7625095,2026-10-03
M1620,7657000,2026-10-04
M1620,7657245,2026-10-06
M1620,7674301,2026-10-05
M1620,7677033,2026-10-05
M1620,7677070,2026-10-05
M1620,7681732,2026-10-06
M1620,7684142,2026-10-06
M1703,1473585,2026-07-21
M1703,1741860,2026-08-14
M1703,1741872,2026-08-14
M1703,207YFMS,2026-09-29
M1703,210HMQR,2026-10-02
M1703,210WSGX,2026-09-30
M1703,211NLQK,2026-10-02
M1703,211QHCQ,2026-10-02
M1703,211TGFH,2026-09-17
M1703,212NBYF,2026-10-02
M1703,212QBWV,2026-09-09
M1703,212VCTR,2026-10-01
M1703,213BGTG,2026-10-05
M1703,213GMJG,2026-10-05
M1703,213HLPX,2026-10-02
M1703,213LCJL,2026-10-01
M1703,213LXXC,2026-10-02
M1703,213MQKF,2026-09-23
M1703,213NJBY,2026-09-30
M1703,213PFPX,2026-09-24
M1703,213PHTG,2026-09-24
M1703,213PWKM,2026-10-02
M1703,213QGVN,2026-09-25
M1703,213QRJV,2026-09-25
M1703,213SCXD,2026-10-02
M1703,213YKQK,2026-10-02
M1703,214CJPV,2026-10-04
M1703,214CPFP,2026-10-04
M1703,214CRKS,2026-10-05
M1703,214CVBQ,2026-10-05
M1703,214CZNJ,2026-10-05
M1703,214DLGP,2026-10-03
M1703,214DQDX,2026-09-21
M1703,214FMBT,2026-10-05
M1703,214FTPQ,2026-10-05
M1703,214FZKY,2026-09-22
M1703,214GWPV,2026-10-01
M1703,214GYWG,2026-09-23
M1703,214HCPH,2026-09-23
M1703,214HFLS,2026-09-24
M1703,214HJFG,2026-09-23
M1703,214HMZW,2026-09-24
M1703,214JKKK,2026-09-24
M1703,214JKSB,2026-10-02
M1703,214JQBY,2026-09-24
M1703,214JQVL,2026-09-25
M1703,214JXXS,2026-10-05
M1703,214KFDS,2026-09-30
M1703,214KFNG,2026-09-30
M1703,214KFNP,2026-09-30
M1703,214LFJG,2026-10-02
M1703,214LFPX,2026-09-28
M1703,214LWMM,2026-09-28
M1703,214MPSX,2026-09-30
M1703,214MXZT,2026-09-29
M1703,214NFDV,2026-10-04
M1703,214PBTV,2026-09-30
M1703,214PGFX,2026-09-30
M1703,214PRHB,2026-10-01
M1703,214PSRW,2026-09-30
M1703,214PSSX,2026-09-30
M1703,214QKYN,2026-10-01
M1703,214QQGS,2026-10-01
M1703,214QQWF,2026-10-01
M1703,214SSRP,2026-10-05
M1703,214STCH,2026-10-05
M1703,214THKB,2026-10-05
M1703,214THLB,2026-10-05
M1703,214THLX,2026-10-05
M1703,2393212,2026-09-29
M1703,2395849,2026-08-31
M1703,2396253,2026-07-25
M1703,2535767,2026-07-24
M1703,2899435,2026-07-21
M1703,2974911,2026-10-06
M1703,3055943,2026-10-06
M1703,3601461,2026-09-21
M1703,3767143,2026-09-11
M1703,3854846,2026-07-22
M1703,4171799,2026-09-27
M1703,4298929,2026-08-31
M1703,4526891,2026-09-21
M1703,4570825,2026-09-11
M1703,4635240,2026-09-21
M1703,4635356,2026-09-21
M1703,4709907,2026-10-04
M1703,4773001,2026-07-09
M1703,4790329,2026-09-21
M1703,4790335,2026-09-21
M1703,4818944,2026-08-20
M1703,4871474,2026-10-05
M1703,4893487,2026-09-11
M1703,5054501,2026-10-01
M1703,5054724,2026-10-01
M1703,5060365,2026-08-26
M1703,5072663,2026-07-17
M1703,5072670,2026-07-17
M1703,5077364,2026-07-22
M1703,5077433,2026-09-17
M1703,5123970,2026-08-10
M1703,5184522,2026-08-05
M1703,5197277,2026-09-29
M1703,5337174,2026-09-21
M1703,5351194,2026-10-05
M1703,5352017,2026-09-22
M1703,5367734,2026-09-21
M1703,5392031,2026-07-23
M1703,5438055,2026-07-25
M1703,5459063,2026-10-04
M1703,5477780,2026-10-05
M1703,5494034,2026-07-27
M1703,5583328,2026-10-02
M1703,5587902,2026-10-05
M1703,5594164,2026-08-25
M1703,5614571,2026-10-03
M1703,5638816,2026-10-06
M1703,5655139,2026-09-21
M1703,5690226,2026-10-05
M1703,5741594,2026-08-06
M1703,5778417,2026-08-06
M1703,5787569,2026-08-06
M1703,5848391,2026-09-09
M1703,5898055,2026-09-21
M1703,5929964,2026-09-21
M1703,6030617,2026-09-21
M1703,6040439,2026-09-21
M1703,6074392,2026-09-21
M1703,6117243,2026-10-03
M1703,6121107,2026-09-30
M1703,6148877,2026-08-20
M1703,6148902,2026-08-20
M1703,6187693,2026-09-23
M1703,6207713,2026-08-22
M1703,6233917,2026-08-24
M1703,6235533,2026-10-05
M1703,6260928,2026-09-26
M1703,6275991,2026-10-05
M1703,6338184,2026-09-29
M1703,6358306,2026-09-26
M1703,6401494,2026-09-11
M1703,6414965,2026-09-30
M1703,6416963,2026-09-26
M1703,6424883,2026-08-29
M1703,6425816,2026-09-17
M1703,6431162,2026-09-29
M1703,6433787,2026-10-01
M1703,6445503,2026-08-31
M1703,6445533,2026-08-31
M1703,6506713,2026-09-02
M1703,6525368,2026-09-02
M1703,6537135,2026-10-03
M1703,6568908,2026-09-03
M1703,6590131,2026-09-03
M1703,6590779,2026-09-04
M1703,6620476,2026-09-04
M1703,6672942,2026-09-05
M1703,6673446,2026-09-05
M1703,6691448,2026-09-07
M1703,6692612,2026-10-02
M1703,6747818,2026-09-09
M1703,6763102,2026-09-09
M1703,6763126,2026-09-09
M1703,6763157,2026-09-25
M1703,6776960,2026-09-10
M1703,6780100,2026-10-03
M1703,6782089,2026-09-10
M1703,6806386,2026-09-10
M1703,6846510,2026-09-12
M1703,6865361,2026-09-14
M1703,6865365,2026-09-14
M1703,6881901,2026-09-21
M1703,6881915,2026-09-21
M1703,6881947,2026-09-21
M1703,6894150,2026-09-15
M1703,6907414,2026-10-02
M1703,6909712,2026-09-16
M1703,6932963,2026-09-16
M1703,6936556,2026-09-16
M1703,6963924,2026-09-17
M1703,6972143,2026-09-29
M1703,6986647,2026-09-18
M1703,7010834,2026-09-29
M1703,7010852,2026-09-27
M1703,7010875,2026-09-19
M1703,7011177,2026-10-04
M1703,7015711,2026-09-19
M1703,7044107,2026-09-20
M1703,7054456,2026-09-21
M1703,7054457,2026-09-21
M1703,7054576,2026-09-21
M1703,7054901,2026-09-21
M1703,7061323,2026-09-21
M1703,7062594,2026-09-21
M1703,7063244,2026-09-21
M1703,7073126,2026-10-06
M1703,7100737,2026-09-22
M1703,7107871,2026-09-23
M1703,7112086,2026-09-23
M1703,7112910,2026-09-23
M1703,7114695,2026-09-23
M1703,7117610,2026-09-23
M1703,7133065,2026-09-23
M1703,7138293,2026-09-23
M1703,7152378,2026-09-24
M1703,7153671,2026-09-24
M1703,7155457,2026-09-24
M1703,7155486,2026-10-06
M1703,7167693,2026-09-24
M1703,7348479,2026-09-25
M1703,7348536,2026-09-25
M1703,7349907,2026-09-25
M1703,7352281,2026-09-25
M1703,7379882,2026-10-01
M1703,7380171,2026-09-25
M1703,7398622,2026-10-05
M1703,7402552,2026-09-26
M1703,7403146,2026-09-26
M1703,7403580,2026-09-26
M1703,7406844,2026-10-06
M1703,7420803,2026-09-26
M1703,7420824,2026-09-26
M1703,7421842,2026-10-01
M1703,7421852,2026-09-26
M1703,7422018,2026-10-05
M1703,7422430,2026-09-26
M1703,7422854,2026-09-26
M1703,7425805,2026-09-26
M1703,7428123,2026-09-26
M1703,7448756,2026-09-27
M1703,7451029,2026-09-27
M1703,7453811,2026-09-28
M1703,7462527,2026-09-28
M1703,7465340,2026-09-28
M1703,7471678,2026-09-28
M1703,7475597,2026-09-29
M1703,7477297,2026-10-06
M1703,7478815,2026-10-02
M1703,7480005,2026-09-29
M1703,7496753,2026-09-30
M1703,7497410,2026-10-06
M1703,7498080,2026-09-30
M1703,7512944,2026-09-30
M1703,7515135,2026-09-30
M1703,7528479,2026-09-30
M1703,7535045,2026-10-01
M1703,7536357,2026-10-01
M1703,7537524,2026-10-01
M1703,7555709,2026-10-01
M1703,7565109,2026-10-01
M1703,7566419,2026-10-01
M1703,7572254,2026-10-02
M1703,7585378,2026-10-02
M1703,7586463,2026-10-02
M1703,7589666,2026-10-02
M1703,7594995,2026-10-02
M1703,7595353,2026-10-02
M1703,7595466,2026-10-02
M1703,7595481,2026-10-02
M1703,7595519,2026-10-02
M1703,7598656,2026-10-05
M1703,7598657,2026-10-05
M1703,7600136,2026-10-02
M1703,7601285,2026-10-03
M1703,7601903,2026-10-03
M1703,7602165,2026-10-03
M1703,7604834,2026-10-06
M1703,7625969,2026-10-03
M1703,7636312,2026-10-04
M1703,7636520,2026-10-04
M1703,7637266,2026-10-04
M1703,7656034,2026-10-04
M1703,7657744,2026-10-05
M1703,7657876,2026-10-05
M1703,7658045,2026-10-06
M1703,7669826,2026-10-05
M1703,7669890,2026-10-05
M1703,7676125,2026-10-05
M1703,7676382,2026-10-05
M1703,7676394,2026-10-05
M1703,7676780,2026-10-05
M1703,7681176,2026-10-06
M1705,210JCCV,2026-09-28
M1705,211TGQX,2026-10-01
M1705,212WGYT,2026-10-01
M1705,213LZFR,2026-10-02
M1705,213MBPH,2026-09-07
M1705,213MCDD,2026-09-07
M1705,213MPJM,2026-10-01
M1705,213MWMY,2026-09-07
M1705,213MZHN,2026-09-07
M1705,213NTSP,2026-09-08
M1705,213NVNM,2026-09-08
M1705,213PQGR,2026-09-24
M1705,213PZDC,2026-09-24
M1705,213QJRP,2026-10-05
M1705,213QLYB,2026-09-30
M1705,213RBNQ,2026-09-28
M1705,213RMVN,2026-09-29
M1705,213RPLC,2026-10-05
M1705,213SDWT,2026-09-23
M1705,213SJGZ,2026-09-26
M1705,213TDHX,2026-09-21
M1705,213TMFS,2026-10-02
M1705,213TRVW,2026-10-02
M1705,213XFNB,2026-09-30
M1705,213XSNN,2026-10-01
M1705,213ZQDJ,2026-09-17
M1705,214BJJD,2026-09-30
M1705,214CHTN,2026-10-04
M1705,214CNVZ,2026-09-23
M1705,214CQYT,2026-10-01
M1705,214CVHL,2026-09-21
M1705,214CYPD,2026-09-21
M1705,214GNCT,2026-09-23
M1705,214GPQW,2026-09-23
M1705,214GQLD,2026-09-22
M1705,214GSHG,2026-09-24
M1705,214HGRG,2026-09-23
M1705,214HQZM,2026-09-25
M1705,214HTJM,2026-09-29
M1705,214HTYZ,2026-09-24
M1705,214HVCK,2026-09-30
M1705,214HYKQ,2026-09-24
M1705,214JGTB,2026-09-25
M1705,214JYSF,2026-09-25
M1705,214KCGD,2026-09-24
M1705,214KQVT,2026-10-02
M1705,214KRBQ,2026-09-29
M1705,214KTWB,2026-09-25
M1705,214KZQW,2026-09-28
M1705,214LCCS,2026-09-25
M1705,214LFWC,2026-09-25
M1705,214LGHG,2026-09-25
M1705,214LJCN,2026-09-25
M1705,214LMFG,2026-09-30
M1705,214LMTR,2026-10-05
M1705,214MSGP,2026-10-01
M1705,214MZYT,2026-10-01
M1705,214MZZF,2026-09-29
M1705,214NHZZ,2026-10-01
M1705,214NMKL,2026-09-29
M1705,214PBTJ,2026-10-01
M1705,214PGCC,2026-09-30
M1705,214PNZY,2026-10-01
M1705,214QBQX,2026-10-01
M1705,214QJZK,2026-10-01
M1705,214QKPF,2026-10-05
M1705,214QMFD,2026-10-01
M1705,214QNQH,2026-10-01
M1705,214RMDT,2026-10-02
M1705,214SKTQ,2026-10-05
M1705,214SRQD,2026-10-02
M1705,214TPSH,2026-10-05
M1705,214VDYC,2026-10-05
M1705,3553127,2026-09-18
M1705,4788120,2026-07-14
M1705,5060278,2026-07-16
M1705,5076638,2026-07-22
M1705,5114627,2026-08-25
M1705,5179916,2026-07-21
M1705,5223122,2026-09-26
M1705,5351087,2026-07-22
M1705,5392033,2026-07-23
M1705,5434768,2026-07-24
M1705,5494045,2026-07-27
M1705,5688032,2026-08-31
M1705,5908448,2026-10-05
M1705,5938763,2026-08-28
M1705,5963084,2026-08-13
M1705,6155736,2026-09-11
M1705,6204910,2026-08-22
M1705,6266467,2026-08-26
M1705,6278598,2026-10-01
M1705,6306275,2026-08-26
M1705,6341750,2026-08-27
M1705,6353365,2026-08-27
M1705,6363832,2026-08-28
M1705,6363900,2026-08-28
M1705,6382439,2026-08-28
M1705,6425769,2026-10-03
M1705,6425828,2026-10-03
M1705,6425933,2026-10-03
M1705,6425962,2026-10-03
M1705,6445512,2026-08-31
M1705,6445545,2026-08-31
M1705,6471583,2026-09-30
M1705,6495515,2026-09-01
M1705,6499287,2026-09-01
M1705,6533061,2026-09-02
M1705,6574724,2026-09-03
M1705,6588482,2026-10-05
M1705,6589222,2026-09-03
M1705,6623892,2026-09-07
M1705,6623893,2026-09-07
M1705,6634932,2026-10-02
M1705,6635928,2026-09-04
M1705,6644276,2026-09-05
M1705,6667434,2026-09-05
M1705,6742260,2026-10-02
M1705,6766042,2026-09-09
M1705,6796509,2026-09-10
M1705,6799864,2026-09-10
M1705,6826360,2026-09-11
M1705,6846733,2026-09-12
M1705,6847915,2026-09-12
M1705,6863168,2026-09-14
M1705,6894516,2026-09-15
M1705,6896213,2026-09-15
M1705,6896270,2026-09-15
M1705,6910717,2026-09-16
M1705,6927864,2026-09-16
M1705,6928162,2026-09-17
M1705,6928174,2026-09-17
M1705,6997335,2026-09-18
M1705,7006162,2026-09-18
M1705,7006676,2026-09-18
M1705,7014595,2026-09-19
M1705,7033244,2026-09-19
M1705,7053322,2026-09-21
M1705,7066946,2026-09-21
M1705,7068663,2026-09-25
M1705,7071596,2026-09-22
M1705,7091273,2026-09-22
M1705,7100665,2026-09-22
M1705,7105198,2026-09-23
M1705,7152286,2026-09-24
M1705,7162150,2026-10-05
M1705,7162717,2026-09-24
M1705,7163009,2026-09-24
M1705,7163039,2026-09-24
M1705,7163779,2026-10-02
M1705,7347393,2026-09-25
M1705,7350069,2026-09-25
M1705,7378586,2026-09-25
M1705,7379851,2026-10-02
M1705,7380979,2026-09-25
M1705,7381011,2026-09-25
M1705,7398232,2026-10-05
M1705,7398633,2026-10-05
M1705,7406863,2026-10-06
M1705,7425976,2026-09-26
M1705,7425979,2026-09-26
M1705,7431077,2026-10-05
M1705,7436346,2026-09-27
M1705,7471721,2026-09-28
M1705,7471769,2026-09-28
M1705,7472435,2026-09-28
M1705,7487887,2026-09-29
M1705,7491049,2026-09-29
M1705,7491227,2026-09-29
M1705,7494853,2026-10-05
M1705,7497582,2026-10-03
M1705,7517663,2026-09-30
M1705,7520823,2026-09-30
M1705,7535043,2026-10-01
M1705,7540279,2026-10-06
M1705,7553584,2026-10-05
M1705,7554027,2026-10-01
M1705,7557780,2026-10-01
M1705,7558685,2026-10-01
M1705,7567608,2026-10-02
M1705,7587681,2026-10-02
M1705,7587696,2026-10-02
M1705,7587949,2026-10-02
M1705,7599542,2026-10-02
M1705,7627287,2026-10-03
M1705,7637064,2026-10-04
M1705,7656024,2026-10-04
M1705,7656160,2026-10-04
M1705,7665146,2026-10-05
M1705,7666247,2026-10-05
M1705,7666254,2026-10-05
M1705,7668788,2026-10-05
M1705,7672785,2026-10-05
M1705,7672814,2026-10-05
M1705,7672829,2026-10-05
M1705,7673619,2026-10-05
M1705,7674358,2026-10-05
M1705,7675152,2026-10-05
M1705,7676245,2026-10-05
M1705,7676253,2026-10-05
M1706,210VSCX,2026-09-25
M1706,211YRWR,2026-09-24
M1706,212CNYZ,2026-09-30
M1706,212CSWM,2026-10-01
M1706,212DMDC,2026-09-28
M1706,213HGDQ,2026-10-05
M1706,213HGHG,2026-10-05
M1706,213MDQK,2026-10-02
M1706,213ZCHH,2026-09-17
M1706,213ZHZK,2026-10-03
M1706,214BFLN,2026-09-17
M1706,214GYGC,2026-10-05
M1706,214KJTQ,2026-09-28
M1706,214KSHD,2026-09-25
M1706,214LPYF,2026-09-28
M1706,214PBVJ,2026-09-30
M1706,214TNCB,2026-10-05
M1706,214TSMB,2026-10-05
M1706,5113339,2026-07-18
M1706,5555956,2026-10-05
M1706,6347466,2026-08-27
M1706,6382025,2026-08-28
M1706,6425112,2026-08-30
M1706,6498906,2026-09-01
M1706,6506087,2026-10-01
M1706,6568895,2026-10-05
M1706,6682592,2026-09-06
M1706,6727709,2026-09-08
M1706,6729288,2026-09-08
M1706,6740420,2026-10-02
M1706,6846410,2026-09-12
M1706,6846425,2026-09-12
M1706,6911089,2026-09-16
M1706,7053232,2026-09-21
M1706,7053333,2026-09-21
M1706,7053667,2026-09-21
M1706,7059859,2026-10-06
M1706,7094104,2026-10-02
M1706,7112105,2026-09-23
M1706,7132173,2026-09-23
M1706,7136673,2026-09-23
M1706,7161989,2026-09-24
M1706,7164955,2026-09-24
M1706,7378703,2026-09-25
M1706,7381206,2026-09-25
M1706,7381207,2026-09-25
M1706,7381251,2026-09-25
M1706,7422322,2026-09-26
M1706,7422341,2026-09-26
M1706,7422361,2026-09-26
M1706,7435489,2026-09-27
M1706,7465437,2026-09-28
M1706,7476659,2026-09-29
M1706,7490505,2026-09-29
M1706,7490507,2026-09-29
M1706,7490508,2026-09-29
M1706,7490516,2026-09-29
M1706,7490531,2026-09-29
M1706,7490535,2026-09-29
M1706,7515036,2026-09-30
M1706,7516144,2026-10-02
M1706,7517671,2026-09-30
M1706,7517809,2026-09-30
M1706,7517850,2026-10-05
M1706,7554301,2026-10-01
M1706,7554337,2026-10-01
M1706,7554394,2026-10-01
M1706,7554467,2026-10-01
M1706,7554489,2026-10-01
M1706,7554491,2026-10-01
M1706,7586964,2026-10-02
M1706,7624900,2026-10-03
M1706,7625035,2026-10-05
M1706,7636655,2026-10-04
M1706,7672834,2026-10-05
M1711,212VKKF,2026-09-21
M1711,212WVKW,2026-10-02
M1711,213RPKV,2026-09-26
M1711,214CGKL,2026-10-04
M1711,214HVVM,2026-10-01
M1711,214MDJZ,2026-09-28
M1711,214QHYP,2026-10-01
M1711,214SMBQ,2026-10-05
M1711,2944223,2026-10-05
M1711,3874715,2026-07-21
M1711,5060261,2026-07-16
M1711,5083101,2026-07-17
M1711,5083112,2026-07-17
M1711,5083113,2026-07-17
M1711,5083118,2026-07-17
M1711,5083121,2026-07-17
M1711,5083122,2026-07-17
M1711,5083134,2026-07-17
M1711,5083135,2026-07-17
M1711,5083136,2026-07-17
M1711,5117984,2026-07-18
M1711,5516847,2026-09-02
M1711,5522935,2026-09-25
M1711,6278413,2026-08-26
M1711,6466372,2026-10-05
M1711,6727731,2026-09-08
M1711,6887426,2026-10-06
M1711,6988009,2026-09-18
M1711,7053228,2026-09-21
M1711,7112542,2026-09-23
M1711,7113368,2026-09-23
M1711,7113448,2026-09-29
M1711,7113493,2026-09-23
M1711,7113522,2026-09-29
M1711,7114729,2026-09-23
M1711,7347048,2026-09-25
M1711,7348104,2026-10-02
M1711,7348261,2026-10-01
M1711,7352865,2026-09-25
M1711,7450817,2026-09-27
M1711,7477637,2026-09-30
M1711,7498040,2026-09-30
M1711,7518541,2026-09-30
M1711,7528837,2026-09-30
M1711,7528866,2026-09-30
M1711,7528924,2026-09-30
M1711,7536529,2026-10-01
M1711,7564671,2026-10-05
M1711,7565238,2026-10-05
M1711,7572535,2026-10-02
M1711,7587946,2026-10-02
M1711,7596956,2026-10-02
M1711,7604200,2026-10-03
M1711,7679122,2026-10-06
M1711,7679535,2026-10-06
M1716,214LZDG,2026-09-28
M1716,214NZHL,2026-09-30
M1716,3155884,2026-08-21
M1716,5040495,2026-07-21
M1716,5135832,2026-07-19
M1716,5221467,2026-08-10
M1716,5553790,2026-07-29
M1716,5801844,2026-09-08
M1716,6108578,2026-09-11
M1716,6206247,2026-08-22
M1716,6207921,2026-10-05
M1716,6318452,2026-08-26
M1716,6460517,2026-08-31
M1716,6574080,2026-09-03
M1716,6667398,2026-09-05
M1716,6682517,2026-09-06
M1716,6682540,2026-09-06
M1716,6682542,2026-09-06
M1716,6682543,2026-09-06
M1716,6682552,2026-09-06
M1716,6682554,2026-09-06
M1716,6682816,2026-09-06
M1716,6682831,2026-09-06
M1716,6682834,2026-09-06
M1716,6682847,2026-09-06
M1716,6682848,2026-09-06
M1716,6682856,2026-10-01
M1716,6682857,2026-09-06
M1716,6682858,2026-09-06
M1716,6692176,2026-09-08
M1716,6692711,2026-09-07
M1716,6697325,2026-10-05
M1716,6728178,2026-09-08
M1716,6738741,2026-09-09
M1716,6797599,2026-09-10
M1716,6797602,2026-09-10
M1716,6797635,2026-09-10
M1716,6825459,2026-10-01
M1716,6827346,2026-09-11
M1716,6827360,2026-09-11
M1716,6830770,2026-10-05
M1716,6863135,2026-09-14
M1716,6863328,2026-09-14
M1716,6863380,2026-09-14
M1716,6863428,2026-09-14
M1716,6863429,2026-09-14
M1716,6863433,2026-09-14
M1716,6863547,2026-09-14
M1716,6863568,2026-09-14
M1716,6863580,2026-09-14
M1716,6863598,2026-09-14
M1716,6863606,2026-09-14
M1716,6863611,2026-09-14
M1716,6863613,2026-09-14
M1716,6863620,2026-09-14
M1716,6863622,2026-09-14
M1716,6863630,2026-09-14
M1716,6863646,2026-09-14
M1716,6863667,2026-09-14
M1716,6863668,2026-09-14
M1716,6863689,2026-09-14
M1716,6863692,2026-09-14
M1716,6863709,2026-09-14
M1716,6863712,2026-09-14
M1716,6863722,2026-09-14
M1716,6863725,2026-09-14
M1716,6863726,2026-09-14
M1716,6863731,2026-09-14
M1716,6863745,2026-09-14
M1716,6863772,2026-09-14
M1716,6863777,2026-09-14
M1716,6863779,2026-09-14
M1716,6863786,2026-09-14
M1716,6863792,2026-09-14
M1716,6863795,2026-09-14
M1716,6863800,2026-09-14
M1716,6863813,2026-09-14
M1716,6863817,2026-09-14
M1716,6863831,2026-09-14
M1716,6863834,2026-09-14
M1716,6863842,2026-09-14
M1716,6863852,2026-09-14
M1716,6863857,2026-09-14
M1716,6863867,2026-09-14
M1716,6863868,2026-09-14
M1716,6863871,2026-09-14
M1716,6863884,2026-09-14
M1716,6863905,2026-09-14
M1716,6863908,2026-09-14
M1716,6863934,2026-09-14
M1716,6863939,2026-09-14
M1716,6863940,2026-09-14
M1716,6863941,2026-09-14
M1716,6863946,2026-09-14
M1716,6863949,2026-09-14
M1716,6863962,2026-09-14
M1716,6863965,2026-09-14
M1716,6863988,2026-09-14
M1716,6863994,2026-09-14
M1716,6864006,2026-09-14
M1716,6864013,2026-09-14
M1716,6864014,2026-09-14
M1716,6864015,2026-09-14
M1716,6864016,2026-09-14
M1716,6864017,2026-09-14
M1716,6864023,2026-09-14
M1716,6864024,2026-09-14
M1716,6864025,2026-09-14
M1716,6864031,2026-09-14
M1716,6864034,2026-09-14
M1716,6864038,2026-09-14
M1716,6864039,2026-09-14
M1716,6864041,2026-09-14
M1716,6864054,2026-09-14
M1716,6864068,2026-09-14
M1716,6864069,2026-09-14
M1716,6864078,2026-09-14
M1716,6864085,2026-09-14
M1716,6864158,2026-09-14
M1716,6864170,2026-09-14
M1716,6864218,2026-09-14
M1716,6864260,2026-09-14
M1716,6864302,2026-09-14
M1716,6864303,2026-09-14
M1716,6864335,2026-09-14
M1716,6864348,2026-09-14
M1716,6864354,2026-09-14
M1716,6864371,2026-09-14
M1716,6864375,2026-09-14
M1716,6864379,2026-09-14
M1716,6864383,2026-09-14
M1716,6864388,2026-09-14
M1716,6864389,2026-09-14
M1716,6864396,2026-09-14
M1716,6864402,2026-09-14
M1716,6864411,2026-09-14
M1716,6864421,2026-09-14
M1716,6864427,2026-09-14
M1716,6864435,2026-09-14
M1716,6864440,2026-09-14
M1716,6864459,2026-09-14
M1716,6864465,2026-09-14
M1716,6864473,2026-09-14
M1716,6864487,2026-09-14
M1716,6864491,2026-09-14
M1716,6864711,2026-09-14
M1716,6864718,2026-09-14
M1716,6907951,2026-10-05
M1716,6947467,2026-09-18
M1716,7030413,2026-10-01
M1716,7043516,2026-09-20
M1716,7053130,2026-09-22
M1716,7093771,2026-09-22
M1716,7094057,2026-09-22
M1716,7132277,2026-09-23
M1716,7132286,2026-09-23
M1716,7132309,2026-09-23
M1716,7135010,2026-09-23
M1716,7161871,2026-09-24
M1716,7165212,2026-09-24
M1716,7425083,2026-09-26
M1716,7425113,2026-09-26
M1716,7465449,2026-09-28
M1716,7515092,2026-09-30
M1716,7534458,2026-10-04
M1716,7534763,2026-09-30
M1716,7539745,2026-10-01
M1716,7553112,2026-10-01
M1716,7554302,2026-10-01
M1716,7554561,2026-10-01
M1716,7554582,2026-10-01
M1716,7554587,2026-10-01
M1716,7554588,2026-10-01
M1716,7554590,2026-10-01
M1716,7554608,2026-10-01
M1716,7554612,2026-10-01
M1716,7554615,2026-10-01
M1716,7554623,2026-10-01
M1716,7554628,2026-10-01
M1716,7554656,2026-10-01
M1716,7554660,2026-10-01
M1716,7554663,2026-10-01
M1716,7554667,2026-10-01
M1716,7554668,2026-10-01
M1716,7554677,2026-10-01
M1716,7554681,2026-10-01
M1716,7554684,2026-10-01
M1716,7556447,2026-10-01
M1716,7556487,2026-10-01
M1716,7566176,2026-10-01
M1716,7576842,2026-10-02
M1716,7586472,2026-10-02
M1716,7586897,2026-10-02
M1716,7587322,2026-10-02
M1716,7587334,2026-10-02
M1716,7601002,2026-10-03
M1716,7624371,2026-10-03
M1716,7624452,2026-10-03
M1716,7625041,2026-10-03
M1716,7625208,2026-10-03
M1716,7625212,2026-10-03
M1716,7625215,2026-10-03
M1716,7625216,2026-10-03
M1716,7625217,2026-10-03
M1716,7625218,2026-10-03
M1716,7625221,2026-10-03
M1716,7625224,2026-10-03
M1716,7625227,2026-10-03
M1716,7625228,2026-10-03
M1716,7625229,2026-10-03
M1716,7625232,2026-10-03
M1716,7625235,2026-10-03
M1716,7625236,2026-10-03
M1716,7625237,2026-10-03
M1716,7625238,2026-10-03
M1716,7625240,2026-10-03
M1716,7625242,2026-10-03
M1716,7625243,2026-10-03
M1716,7625244,2026-10-03
M1716,7625245,2026-10-03
M1716,7625246,2026-10-03
M1716,7625248,2026-10-03
M1716,7625250,2026-10-03
M1716,7625254,2026-10-03
M1716,7625255,2026-10-03
M1716,7625257,2026-10-03
M1716,7625258,2026-10-03
M1716,7625259,2026-10-03
M1716,7625260,2026-10-03
M1716,7625266,2026-10-03
M1716,7625268,2026-10-03
M1716,7625270,2026-10-03
M1716,7625272,2026-10-03
M1716,7625274,2026-10-03
M1716,7625276,2026-10-03
M1716,7625277,2026-10-03
M1716,7625278,2026-10-03
M1716,7625279,2026-10-03
M1716,7625280,2026-10-03
M1716,7625282,2026-10-03
M1716,7625283,2026-10-03
M1716,7625285,2026-10-03
M1716,7664788,2026-10-05
M1716,7665481,2026-10-05
M1716,7671865,2026-10-05
M1716,7672936,2026-10-05
M1716,7675177,2026-10-05
M1718,2026828,2026-09-25
M1718,209FNBG,2026-09-17
M1718,211HCPS,2026-09-17
M1718,211HCSM,2026-09-17
M1718,212DLSM,2026-10-05
M1718,212PFYN,2026-10-02
M1718,212WVFS,2026-09-17
M1718,213GXCL,2026-09-17
M1718,213MPNQ,2026-09-07
M1718,213QKXN,2026-09-24
M1718,213RGGD,2026-09-22
M1718,213SCPM,2026-09-14
M1718,213VQXG,2026-10-02
M1718,214CYRG,2026-09-23
M1718,214DRFL,2026-09-21
M1718,214FDLM,2026-09-23
M1718,214HNKT,2026-10-05
M1718,214HRSJ,2026-10-01
M1718,214JJPB,2026-09-24
M1718,214LLTN,2026-09-29
M1718,214LXFC,2026-09-28
M1718,214LXQP,2026-09-29
M1718,214NKDB,2026-10-05
M1718,214PZDX,2026-09-30
M1718,214QHHV,2026-09-30
M1718,214QHZF,2026-10-02
M1718,214RBDQ,2026-10-01
M1718,214RCPC,2026-10-01
M1718,214SHDS,2026-10-02
M1718,214SZSL,2026-10-04
M1718,4422057,2026-07-22
M1718,4706918,2026-09-04
M1718,5193363,2026-07-21
M1718,5403894,2026-08-31
M1718,5424884,2026-09-02
M1718,5503385,2026-08-31
M1718,5688028,2026-08-31
M1718,5690951,2026-08-04
M1718,5718443,2026-08-31
M1718,6170114,2026-08-28
M1718,6206090,2026-09-02
M1718,6207918,2026-10-05
M1718,6398590,2026-09-27
M1718,6418399,2026-09-02
M1718,6445510,2026-08-31
M1718,6445528,2026-08-31
M1718,6445550,2026-08-31
M1718,6445554,2026-08-31
M1718,6445558,2026-08-31
M1718,6478487,2026-09-05
M1718,6505988,2026-10-01
M1718,6512105,2026-09-11
M1718,6539995,2026-09-03
M1718,6576371,2026-09-03
M1718,6598654,2026-09-05
M1718,6598657,2026-09-08
M1718,6625400,2026-09-09
M1718,6644267,2026-09-08
M1718,6667404,2026-09-05
M1718,6682593,2026-09-06
M1718,6682640,2026-09-06
M1718,6707404,2026-09-08
M1718,6707413,2026-09-08
M1718,6707431,2026-09-08
M1718,6707441,2026-09-08
M1718,6728911,2026-09-08
M1718,6738153,2026-09-08
M1718,6824998,2026-10-01
M1718,6825445,2026-10-01
M1718,6825452,2026-10-01
M1718,6827348,2026-09-11
M1718,6848568,2026-09-12
M1718,6895789,2026-09-15
M1718,7030258,2026-10-01
M1718,7030273,2026-10-01
M1718,7030362,2026-10-01
M1718,7032653,2026-09-19
M1718,7059865,2026-10-06
M1718,7092800,2026-10-01
M1718,7092853,2026-10-01
M1718,7126106,2026-10-01
M1718,7134849,2026-09-23
M1718,7135042,2026-09-23
M1718,7161758,2026-10-01
M1718,7161783,2026-10-01
M1718,7421751,2026-10-01
M1718,7430865,2026-10-05
M1718,7430866,2026-10-05
M1718,7489621,2026-10-01
M1718,7489624,2026-10-01
M1718,7514188,2026-10-01
M1718,7528450,2026-09-30
M1718,7528691,2026-09-30
M1718,7553229,2026-10-01
M1718,7553233,2026-10-01
M1718,7556497,2026-10-01
M1718,7567369,2026-10-02
M1718,7586438,2026-10-02
M1718,7586526,2026-10-02
M1718,7586944,2026-10-02
M1718,7587995,2026-10-02
M1718,7588652,2026-10-02
M1718,7589717,2026-10-02
M1718,7627155,2026-10-03
M1718,7655845,2026-10-05
M1718,7664613,2026-10-05
M1718,7681802,2026-10-06
M1718,7681841,2026-10-06
